step,elapsed_tokens,elapsed_examples,training_loss,training_sequence_accuracy,training_token_accuracy
1,105,1,0.41064815523736453,0.0,0.0
2,194,2,0.4959053496866678,0.0,0.14285714285714285
3,275,3,0.5106422667432343,0.0,0.14285714285714285
4,484,4,0.18329050407166403,0.0,0.0
5,573,5,0.3534702107342838,0.0,0.0
6,694,6,0.2357884418637259,0.0,0.14285714285714285
7,791,7,0.21607895406351113,0.0,0.2857142857142857
8,920,8,0.13744845189412444,0.0,0.42857142857142855
9,993,9,0.15630466360055528,0.0,0.7142857142857143
10,1122,10,0.14634202676727,0.0,0.42857142857142855
11,1243,11,0.15238008694793095,0.0,0.2857142857142857
12,1324,12,0.2646242281944724,0.0,0.42857142857142855
13,1413,13,0.17662086836464536,0.0,0.14285714285714285
14,1462,14,0.21159311884262325,0.0,0.5714285714285714
15,1543,15,0.198419113590091,0.0,0.42857142857142855
16,1664,16,0.1240652868161851,0.0,0.2857142857142857
17,1777,17,0.1400883252043942,0.0,0.14285714285714285
18,1842,18,0.2078355134418234,0.0,0.42857142857142855
19,1899,19,0.19270122717217808,0.0,0.42857142857142855
20,1996,20,0.11637914964702456,0.0,0.5714285714285714
21,2077,21,0.1953942214474082,0.0,0.2857142857142857
22,2174,22,0.11646148944386366,0.0,0.42857142857142855
23,2319,23,0.057875899511855095,0.0,0.7142857142857143
24,2384,24,0.1113054871255008,0.0,0.5714285714285714
25,2505,25,0.11933568987997324,0.0,0.2857142857142857
26,2626,26,0.20262250462158896,0.0,0.14285714285714285
27,2707,27,0.10800408398860602,0.0,0.5714285714285714
28,2788,28,0.13963516864832493,0.0,0.42857142857142855
29,2893,29,0.12258119683694811,0.0,0.2857142857142857
30,2982,30,0.12767467366039373,0.0,0.2857142857142857
31,3135,31,0.055075990722030656,0.0,0.8571428571428571
32,3224,32,0.08963009447367352,0.0,0.42857142857142855
33,3337,33,0.1772269127610239,0.0,0.14285714285714285
34,3418,34,0.09382567540311722,0.0,0.8571428571428571
35,3563,35,0.06810731475897937,0.0,0.5714285714285714
36,3652,36,0.17732606828530237,0.0,0.14285714285714285
37,3725,37,0.1689071388193406,0.0,0.42857142857142855
38,3854,38,0.0613640074055138,0.0,0.7142857142857143
39,3991,39,0.06224377290153986,0.0,0.7142857142857143
40,4096,40,0.0932615390368021,0.0,0.5714285714285714
41,4153,41,0.2386898708483204,0.0,0.42857142857142855
42,4282,42,0.1573431931108462,0.0,0.14285714285714285
43,4419,43,0.13644607639830453,0.0,0.2857142857142857
44,4540,44,0.12828954013374946,0.0,0.42857142857142855
45,4613,45,0.16615031643770634,0.0,0.14285714285714285
46,4718,46,0.12712757896524496,0.0,0.14285714285714285
47,4831,47,0.09069021223029787,0.0,0.42857142857142855
48,4928,48,0.10536438674336143,0.0,0.5714285714285714
49,5025,49,0.13834574259259774,0.0,0.14285714285714285
50,5106,50,0.18653479283628982,0.0,0.2857142857142857
51,5171,51,0.18081108896687512,0.0,0.2857142857142857
52,5252,52,0.13116821072646417,0.0,0.5714285714285714
53,5317,53,0.20220622986162198,0.0,0.14285714285714285
54,5422,54,0.10157726934584879,0.0,0.5714285714285714
55,5503,55,0.1723931188696297,0.0,0.7142857142857143
56,5568,56,0.14203228726895759,0.0,0.7142857142857143
57,5641,57,0.1588262674331458,0.0,0.42857142857142855
58,5714,58,0.1571097309757412,0.0,0.5714285714285714
59,5795,59,0.1239585874362092,0.0,0.7142857142857143
60,5868,60,0.15216410241244982,0.0,0.2857142857142857
61,5949,61,0.11631211463687946,0.0,0.42857142857142855
62,6038,62,0.11289908242829948,0.0,0.5714285714285714
63,6127,63,0.18289895624742553,0.0,0.2857142857142857
64,6288,64,0.10298479698909796,0.0,0.42857142857142855
65,6369,65,0.09705800515424926,0.0,0.7142857142857143
66,6458,66,0.10448053452905945,0.0,0.7142857142857143
67,6571,67,0.06363744961330667,0.0,0.7142857142857143
68,6740,68,0.08404170548949748,0.0,0.42857142857142855
69,6853,69,0.0624727958179054,0.0,0.7142857142857143
70,6934,70,0.14081581649463623,0.0,0.42857142857142855
71,7039,71,0.07965236507291243,0.0,0.5714285714285714
72,7288,72,0.06892309289799267,0.0,0.42857142857142855
73,7377,73,0.19914533490886574,0.0,0.2857142857142857
74,7466,74,0.18497980245373175,0.0,0.2857142857142857
75,7563,75,0.09318361420640334,0.0,0.5714285714285714
76,7636,76,0.19980331475147978,0.0,0.2857142857142857
77,7797,77,0.0603972396856625,0.0,0.5714285714285714
78,7942,78,0.07228197082951536,0.0,0.42857142857142855
79,8047,79,0.07325438484477882,0.0,0.5714285714285714
80,8152,80,0.08387788639014337,0.0,0.5714285714285714
81,8225,81,0.07503676695742695,0.0,0.8571428571428571
82,8314,82,0.10085366648770022,0.0,0.7142857142857143
83,8411,83,0.07750086345971796,0.0,0.5714285714285714
84,8476,84,0.24514880657257893,0.0,0.42857142857142855
85,8565,85,0.14551224291049453,0.0,0.5714285714285714
86,8670,86,0.09010645329459714,0.0,0.5714285714285714
87,8791,87,0.1539527879500141,0.0,0.42857142857142855
88,8872,88,0.11544370062381493,0.0,0.2857142857142857
89,8977,89,0.15396945136142537,0.0,0.2857142857142857
90,9058,90,0.08635331741278061,0.0,0.5714285714285714
91,9211,91,0.10665311334446367,0.0,0.5714285714285714
92,9276,92,0.1277551323879743,0.0,0.5714285714285714
93,9429,93,0.11113000752097975,0.0,0.2857142857142857
94,9502,94,0.17545626322687086,0.0,0.14285714285714285
95,9599,95,0.11267288265322956,0.0,0.14285714285714285
96,9672,96,0.11438282944145611,0.0,0.7142857142857143
97,9737,97,0.23173990157054505,0.0,0.42857142857142855
98,9826,98,0.14670443494783036,0.0,0.2857142857142857
99,9923,99,0.13653404525946827,0.0,0.2857142857142857
100,9988,100,0.1969516019477669,0.0,0.2857142857142857
101,10069,101,0.08408344701095484,0.0,0.8571428571428571
102,10166,102,0.1075194348495764,0.0,0.42857142857142855
103,10263,103,0.13513675876414102,0.0,0.42857142857142855
104,10384,104,0.08185357989167096,0.0,0.7142857142857143
105,10481,105,0.08636776144703617,0.0,0.5714285714285714
106,10586,106,0.08661759144402684,0.0,0.42857142857142855
107,10667,107,0.20540604752954095,0.0,0.0
108,10868,108,0.05904898280525814,0.0,0.2857142857142857
109,10965,109,0.1219546894020459,0.0,0.42857142857142855
110,11062,110,0.08644156706732853,0.0,0.5714285714285714
111,11191,111,0.06945525062532397,0.0,0.7142857142857143
112,11264,112,0.11129743499513199,0.0,0.5714285714285714
113,11353,113,0.12274403694857691,0.0,0.5714285714285714
114,11474,114,0.17456829665826323,0.0,0.2857142857142857
115,11587,115,0.07983473541327839,0.0,0.8571428571428571
116,11668,116,0.18610098243691028,0.0,0.2857142857142857
117,11781,117,0.11988647954297318,0.0,0.2857142857142857
118,11926,118,0.0959317680262029,0.0,0.7142857142857143
119,12031,119,0.10566846368747065,0.0,0.7142857142857143
120,12160,120,0.08264699288291014,0.0,0.42857142857142855
121,12297,121,0.060616654823183236,0.0,0.7142857142857143
122,12386,122,0.08997847401293588,0.0,0.5714285714285714
123,12451,123,0.11050371974910378,0.0,0.5714285714285714
124,12540,124,0.1226053981316297,0.0,0.5714285714285714
125,12629,125,0.17468424512200395,0.0,0.42857142857142855
126,12694,126,0.22043398424182672,0.0,0.42857142857142855
127,12815,127,0.12721661058487369,0.0,0.14285714285714285
128,12912,128,0.09880341911683596,0.0,0.7142857142857143
129,13017,129,0.05545554523401034,1.0,1.0
130,13066,130,0.43626273772756885,0.0,0.14285714285714285
131,13147,131,0.16027852812732454,0.0,0.42857142857142855
132,13260,132,0.12082758167924891,0.0,0.2857142857142857
133,13381,133,0.06853621492782258,0.0,0.5714285714285714
134,13470,134,0.09281187049070881,0.0,0.7142857142857143
135,13575,135,0.07833284238501129,0.0,0.7142857142857143
136,13664,136,0.11951943836137864,0.0,0.5714285714285714
137,13761,137,0.12104700268181962,0.0,0.5714285714285714
138,13874,138,0.08959733963021012,0.0,0.5714285714285714
139,13987,139,0.10425698725905802,0.0,0.5714285714285714
140,14116,140,0.12277022512244001,0.0,0.5714285714285714
141,14205,141,0.15331130310215732,0.0,0.5714285714285714
142,14278,142,0.0826407415818216,0.0,0.7142857142857143
143,14359,143,0.08804335458891001,0.0,0.7142857142857143
144,14448,144,0.07316302924014798,0.0,0.8571428571428571
145,14569,145,0.06793848255050156,0.0,0.7142857142857143
146,14642,146,0.1337457287071609,0.0,0.5714285714285714
147,14755,147,0.0904478626153598,0.0,0.42857142857142855
148,14836,148,0.1258206090560416,0.0,0.5714285714285714
149,14957,149,0.10483944129598483,0.0,0.42857142857142855
150,15054,150,0.15927140328717843,0.0,0.14285714285714285
151,15151,151,0.08049411515637378,0.0,0.5714285714285714
152,15264,152,0.126989379634615,0.0,0.2857142857142857
153,15385,153,0.07551042950867365,0.0,0.7142857142857143
154,15474,154,0.18127681750100405,0.0,0.42857142857142855
155,15675,155,0.07177691005361267,0.0,0.2857142857142857
156,15796,156,0.07878559907316231,0.0,0.42857142857142855
157,15869,157,0.11120177823209412,0.0,0.7142857142857143
158,15982,158,0.09146683743591696,0.0,0.42857142857142855
159,16071,159,0.14162866819999181,0.0,0.42857142857142855
160,16160,160,0.0912382792234381,0.0,0.5714285714285714
161,16265,161,0.0770908939387076,1.0,1.0
162,16354,162,0.20001218737695706,0.0,0.14285714285714285
163,16443,163,0.10875164560455067,0.0,0.5714285714285714
164,16516,164,0.1739666272595706,0.0,0.2857142857142857
165,16637,165,0.06827106606657617,0.0,0.7142857142857143
166,16750,166,0.10688561830798529,0.0,0.42857142857142855
167,16831,167,0.11996681769331917,0.0,0.42857142857142855
168,16944,168,0.10849866911746045,0.0,0.5714285714285714
169,17017,169,0.10329455070921943,0.0,0.7142857142857143
170,17090,170,0.14140064514462009,0.0,0.5714285714285714
171,17211,171,0.09547760070181296,0.0,0.42857142857142855
172,17316,172,0.09474722779029086,0.0,0.5714285714285714
173,17421,173,0.0790305040392559,0.0,0.8571428571428571
174,17526,174,0.1277154047249888,0.0,0.5714285714285714
175,17631,175,0.11813479021193836,0.0,0.5714285714285714
176,17744,176,0.11362875792971211,0.0,0.42857142857142855
177,17857,177,0.06862686971077762,0.0,0.8571428571428571
178,17946,178,0.10049559819628483,0.0,0.7142857142857143
179,18083,179,0.0994211012305459,0.0,0.2857142857142857
180,18204,180,0.1108747083474882,0.0,0.2857142857142857
181,18317,181,0.16636261269439792,0.0,0.2857142857142857
182,18398,182,0.08514016645390075,0.0,0.5714285714285714
183,18551,183,0.05974022070082259,0.0,0.5714285714285714
184,18640,184,0.12100298653372606,0.0,0.2857142857142857
185,18697,185,0.13020045420520804,0.0,0.5714285714285714
186,18818,186,0.11331806889009507,0.0,0.42857142857142855
187,18875,187,0.13597977852319934,0.0,0.7142857142857143
188,18996,188,0.07473746124437701,0.0,0.42857142857142855
189,19077,189,0.07054896328167524,0.0,0.7142857142857143
190,19246,190,0.06382454649032471,0.0,0.42857142857142855
191,19391,191,0.07675654084796811,0.0,0.2857142857142857
192,19488,192,0.0744357706830245,0.0,0.7142857142857143
193,19569,193,0.10600749237296987,0.0,0.5714285714285714
194,19674,194,0.10250295871943729,0.0,0.5714285714285714
195,19811,195,0.05798598547030397,0.0,0.8571428571428571
196,19940,196,0.08142071852141748,0.0,0.5714285714285714
197,20037,197,0.0676758277363236,0.0,0.7142857142857143
198,20086,198,0.15360988848927565,0.0,0.7142857142857143
199,20207,199,0.08793368887554,0.0,0.2857142857142857
200,20320,200,0.10722215233921555,0.0,0.42857142857142855
201,20409,201,0.13582566119791326,0.0,0.14285714285714285
202,20538,202,0.06908184113225616,0.0,0.5714285714285714
203,20651,203,0.0997854722199554,0.0,0.42857142857142855
204,20772,204,0.08464278315467527,0.0,0.42857142857142855
205,20917,205,0.08251611873193825,0.0,0.42857142857142855
206,21006,206,0.11972425178969637,0.0,0.14285714285714285
207,21063,207,0.10813513937851113,0.0,0.7142857142857143
208,21184,208,0.08345879610496437,0.0,0.42857142857142855
209,21337,209,0.08933687493671498,0.0,0.2857142857142857
210,21426,210,0.05247962513271804,1.0,1.0
211,21515,211,0.09436690255473382,0.0,0.5714285714285714
212,21676,212,0.05838839723121783,0.0,0.5714285714285714
213,21861,213,0.1368286644023528,0.0,0.42857142857142855
214,21958,214,0.10877476814874777,0.0,0.7142857142857143
215,22055,215,0.055170939577571215,0.0,0.8571428571428571
216,22168,216,0.09357433018114533,0.0,0.2857142857142857
217,22273,217,0.1180918782817249,0.0,0.42857142857142855
218,22370,218,0.10081176183395049,0.0,0.42857142857142855
219,22459,219,0.09434047550005333,0.0,0.5714285714285714
220,22604,220,0.07430626201478945,0.0,0.42857142857142855
221,22749,221,0.07004280935565475,0.0,0.5714285714285714
222,22830,222,0.11407985097545317,0.0,0.5714285714285714
223,22975,223,0.05538125554608996,0.0,0.7142857142857143
224,23048,224,0.13614469141699376,0.0,0.42857142857142855
225,23153,225,0.12017255417877236,0.0,0.42857142857142855
226,23258,226,0.0998894324457237,0.0,0.7142857142857143
227,23379,227,0.106625207177926,0.0,0.5714285714285714
228,23468,228,0.09382748300558888,0.0,0.42857142857142855
229,23605,229,0.05430458212766097,0.0,0.8571428571428571
230,23686,230,0.0957334618906025,0.0,0.5714285714285714
231,23791,231,0.09306639861906522,0.0,0.7142857142857143
232,23864,232,0.07980160292496698,0.0,0.8571428571428571
233,23969,233,0.12634694159115986,0.0,0.2857142857142857
234,24066,234,0.08953160098123286,0.0,0.5714285714285714
235,24179,235,0.12827404825164454,0.0,0.2857142857142857
236,24388,236,0.04782608118409721,0.0,0.8571428571428571
237,24485,237,0.08076806988116005,0.0,0.7142857142857143
238,24566,238,0.05607454683067044,1.0,1.0
239,24647,239,0.10748687163018622,0.0,0.42857142857142855
240,24728,240,0.12730948584803264,0.0,0.2857142857142857
241,24817,241,0.06826720912541284,0.0,0.8571428571428571
242,24858,242,0.2925608863867819,0.0,0.42857142857142855
243,24971,243,0.12039124408416682,0.0,0.2857142857142857
244,25060,244,0.1410520563340767,0.0,0.2857142857142857
245,25149,245,0.07778915365985913,0.0,0.5714285714285714
246,25278,246,0.09029338706404814,0.0,0.42857142857142855
247,25367,247,0.08784001384631748,0.0,0.7142857142857143
248,25480,248,0.05212363067234817,0.0,0.8571428571428571
249,25577,249,0.11666038217643895,0.0,0.5714285714285714
250,25674,250,0.16538508520432516,0.0,0.42857142857142855
251,25755,251,0.10392324870903394,0.0,0.5714285714285714
252,25836,252,0.0949593905893853,0.0,0.42857142857142855
253,25949,253,0.08242668727676833,0.0,0.5714285714285714
254,26046,254,0.07833343155570523,0.0,0.5714285714285714
255,26183,255,0.10819007571841426,0.0,0.2857142857142857
256,26256,256,0.11997624382907007,0.0,0.5714285714285714
257,26345,257,0.10266041560527149,0.0,0.5714285714285714
258,26490,258,0.06676201742186094,0.0,0.7142857142857143
259,26619,259,0.07175383437564961,0.0,0.5714285714285714
260,26724,260,0.123723146001083,0.0,0.42857142857142855
261,26789,261,0.1327979295780824,0.0,0.5714285714285714
262,26870,262,0.15489776651910508,0.0,0.2857142857142857
263,26951,263,0.10336108064471046,0.0,0.7142857142857143
264,27032,264,0.09443615603708896,0.0,0.7142857142857143
265,27233,265,0.05426690843823017,0.0,0.5714285714285714
266,27410,266,0.046994243485718144,0.0,0.7142857142857143
267,27507,267,0.10223550688577232,0.0,0.5714285714285714
268,27596,268,0.09532393750399273,0.0,0.5714285714285714
269,27693,269,0.05167208429992266,1.0,1.0
270,27782,270,0.08872957060212767,0.0,0.7142857142857143
271,27903,271,0.08430019048861383,0.0,0.8571428571428571
272,28008,272,0.09733636960055894,0.0,0.5714285714285714
273,28105,273,0.0814556525268684,0.0,0.5714285714285714
274,28210,274,0.08470168984920749,0.0,0.7142857142857143
275,28291,275,0.08320224346960459,0.0,0.7142857142857143
276,28412,276,0.09118817813114341,0.0,0.2857142857142857
277,28525,277,0.08128589695799747,0.0,0.5714285714285714
278,28654,278,0.09605721039617493,0.0,0.2857142857142857
279,28751,279,0.0860067674448904,0.0,0.8571428571428571
280,28840,280,0.07515013445601984,0.0,0.7142857142857143
281,28953,281,0.06939494311237855,0.0,0.5714285714285714
282,29010,282,0.2193905810699133,0.0,0.42857142857142855
283,29171,283,0.05854375753642126,0.0,0.7142857142857143
284,29252,284,0.07677652946257149,0.0,0.5714285714285714
285,29325,285,0.06788838670566393,1.0,1.0
286,29422,286,0.07720311732628032,0.0,0.7142857142857143
287,29551,287,0.07720706402833458,0.0,0.7142857142857143
288,29600,288,0.18818533989358305,0.0,0.2857142857142857
289,29721,289,0.09377933186034594,0.0,0.42857142857142855
290,29786,290,0.08494396925947514,0.0,0.8571428571428571
291,29867,291,0.17414092604255713,0.0,0.14285714285714285
292,29996,292,0.0865573144962491,0.0,0.7142857142857143
293,30085,293,0.07254324363776092,0.0,0.8571428571428571
294,30158,294,0.08307362256380858,0.0,0.7142857142857143
295,30255,295,0.1363722671461892,0.0,0.42857142857142855
296,30392,296,0.0651745164393009,0.0,0.7142857142857143
297,30553,297,0.06927803019578277,0.0,0.2857142857142857
298,30650,298,0.10806907094901058,0.0,0.42857142857142855
299,30803,299,0.05949211426888246,0.0,0.7142857142857143
300,30876,300,0.27425867205796145,0.0,0.2857142857142857
301,30949,301,0.16102587304608376,0.0,0.2857142857142857
302,31014,302,0.14333476391868316,0.0,0.5714285714285714
303,31103,303,0.0890403129712054,0.0,0.5714285714285714
304,31192,304,0.1011412539272781,0.0,0.42857142857142855
305,31249,305,0.11512200942628883,0.0,0.7142857142857143
306,31330,306,0.1024675628367695,0.0,0.2857142857142857
307,31443,307,0.16880902484957397,0.0,0.42857142857142855
308,31588,308,0.06725090207053452,0.0,0.5714285714285714
309,31733,309,0.07404846447823932,0.0,0.42857142857142855
310,31862,310,0.06104458958902342,0.0,0.5714285714285714
311,32023,311,0.09857742370641792,0.0,0.2857142857142857
312,32104,312,0.07689698549418245,0.0,0.8571428571428571
313,32225,313,0.051370856688028044,0.0,0.8571428571428571
314,32322,314,0.07305168991281485,0.0,0.5714285714285714
315,32435,315,0.06559874810808781,0.0,0.7142857142857143
316,32548,316,0.05885193270119739,0.0,0.5714285714285714
317,32653,317,0.09779004097714698,0.0,0.7142857142857143
318,32726,318,0.08043606894708823,0.0,0.7142857142857143
319,32807,319,0.0686429093235056,0.0,0.7142857142857143
320,32928,320,0.06439285566767891,0.0,0.7142857142857143
321,33017,321,0.06443803764789746,0.0,0.7142857142857143
322,33106,322,0.06186205866811758,0.0,0.8571428571428571
323,33235,323,0.04239283792967399,0.0,0.8571428571428571
324,33300,324,0.14541878976025602,0.0,0.42857142857142855
325,33365,325,0.08061895939966689,0.0,0.5714285714285714
326,33462,326,0.14958858155198262,0.0,0.2857142857142857
327,33567,327,0.10484899113802384,0.0,0.7142857142857143
328,33696,328,0.04421808700028123,0.0,0.8571428571428571
329,33785,329,0.05396830325923889,0.0,0.7142857142857143
330,33866,330,0.15676191930424832,0.0,0.5714285714285714
331,33995,331,0.04789664506461123,0.0,0.7142857142857143
332,34092,332,0.07701712384475588,0.0,0.42857142857142855
333,34165,333,0.18561820169419255,0.0,0.42857142857142855
334,34246,334,0.10241437659086661,0.0,0.5714285714285714
335,34359,335,0.055156863886420195,0.0,0.8571428571428571
336,34440,336,0.08987622244856902,0.0,0.8571428571428571
337,34537,337,0.0920894639268954,0.0,0.7142857142857143
338,34610,338,0.16999396247084306,0.0,0.2857142857142857
339,34739,339,0.09274835265343426,0.0,0.42857142857142855
340,34860,340,0.09311296647864704,0.0,0.42857142857142855
341,34957,341,0.10407811260325009,0.0,0.5714285714285714
342,35054,342,0.0992037829319209,0.0,0.42857142857142855
343,35191,343,0.07054232320321985,0.0,0.7142857142857143
344,35272,344,0.08033347432489973,0.0,0.8571428571428571
345,35369,345,0.10678837488322947,0.0,0.2857142857142857
346,35458,346,0.08948899584938773,0.0,0.7142857142857143
347,35563,347,0.09220619132782584,0.0,0.42857142857142855
348,35668,348,0.08481929343954946,0.0,0.42857142857142855
349,35725,349,0.2511761227691645,0.0,0.42857142857142855
350,35846,350,0.07463160901908608,0.0,0.7142857142857143
351,35991,351,0.0959530312871276,0.0,0.42857142857142855
352,36080,352,0.0807703336621423,0.0,0.7142857142857143
353,36153,353,0.09371460312317746,0.0,0.7142857142857143
354,36226,354,0.10507839427032094,0.0,0.7142857142857143
355,36307,355,0.10693553392740435,0.0,0.42857142857142855
356,36388,356,0.16166752567169898,0.0,0.2857142857142857
357,36477,357,0.1304494597488718,0.0,0.42857142857142855
358,36550,358,0.08604719696906007,0.0,0.8571428571428571
359,36647,359,0.10131796907264892,0.0,0.5714285714285714
360,36776,360,0.09870965654319662,0.0,0.42857142857142855
361,36865,361,0.09831960891823242,0.0,0.5714285714285714
362,36970,362,0.08474677016589201,0.0,0.7142857142857143
363,37043,363,0.11376902633404826,0.0,0.42857142857142855
364,37132,364,0.07219870882796718,0.0,0.5714285714285714
365,37253,365,0.07827408942979915,0.0,0.42857142857142855
366,37390,366,0.04748889514152431,0.0,0.8571428571428571
367,37463,367,0.1002204141316987,0.0,0.5714285714285714
368,37552,368,0.14896845452672675,0.0,0.5714285714285714
369,37649,369,0.09312389145382136,0.0,0.42857142857142855
370,37754,370,0.09924781364368616,0.0,0.42857142857142855
371,37875,371,0.10460892850830958,0.0,0.2857142857142857
372,37980,372,0.13454654759663615,0.0,0.2857142857142857
373,38053,373,0.08759226536502764,0.0,0.8571428571428571
374,38134,374,0.07794390564619971,0.0,0.7142857142857143
375,38263,375,0.058498233334839826,0.0,0.8571428571428571
376,38360,376,0.08859717643632392,0.0,0.42857142857142855
377,38457,377,0.06281400201689999,0.0,0.8571428571428571
378,38514,378,0.2555149075481001,0.0,0.2857142857142857
379,38611,379,0.10407958667585263,0.0,0.5714285714285714
380,38764,380,0.04237547093585147,0.0,0.8571428571428571
381,38869,381,0.08196299543943428,0.0,0.7142857142857143
382,39006,382,0.053100823783865686,0.0,0.7142857142857143
383,39127,383,0.05740118689183873,0.0,0.8571428571428571
384,39240,384,0.10009768352455857,0.0,0.2857142857142857
385,39353,385,0.07210059944732296,0.0,0.42857142857142855
386,39434,386,0.08813211624019096,0.0,0.7142857142857143
387,39523,387,0.0768553848740174,0.0,0.5714285714285714
388,39596,388,0.080798883337882,0.0,0.8571428571428571
389,39725,389,0.08623075621785005,0.0,0.42857142857142855
390,39870,390,0.05755965918123972,0.0,0.7142857142857143
391,40031,391,0.09184112059872224,0.0,0.5714285714285714
392,40160,392,0.06084930126528073,0.0,0.7142857142857143
393,40281,393,0.0662484128377085,0.0,0.42857142857142855
394,40402,394,0.06011341893383481,0.0,0.5714285714285714
395,40539,395,0.0816360533407308,0.0,0.5714285714285714
396,40652,396,0.10809875926638984,0.0,0.42857142857142855
397,40733,397,0.1251022059395036,0.0,0.42857142857142855
398,40846,398,0.1100619146723641,0.0,0.14285714285714285
399,40975,399,0.06351009663914738,0.0,0.42857142857142855
400,41088,400,0.07586048543439963,0.0,0.7142857142857143
401,41209,401,0.12140353384734287,0.0,0.5714285714285714
402,41290,402,0.15776089674740798,0.0,0.42857142857142855
403,41371,403,0.06837948366999626,0.0,0.7142857142857143
404,41436,404,0.10155476064843241,0.0,0.5714285714285714
405,41549,405,0.06267939930731829,0.0,0.5714285714285714
406,41598,406,0.1791113659602706,0.0,0.42857142857142855
407,41759,407,0.07327781861865515,0.0,0.7142857142857143
408,41872,408,0.10007710320958202,0.0,0.42857142857142855
409,41993,409,0.09027437791255458,0.0,0.5714285714285714
410,42138,410,0.07264172320396836,0.0,0.42857142857142855
411,42219,411,0.16559155590651795,0.0,0.7142857142857143
412,42372,412,0.04905801923780209,1.0,1.0
413,42485,413,0.08632864135510836,0.0,0.5714285714285714
414,42574,414,0.08863342874442671,0.0,0.5714285714285714
415,42655,415,0.1549123951920483,0.0,0.42857142857142855
416,42752,416,0.07079690104178249,0.0,0.7142857142857143
417,42873,417,0.12287421944807284,0.0,0.2857142857142857
418,42962,418,0.09148794800953261,0.0,0.5714285714285714
419,43059,419,0.07515829156941131,0.0,0.5714285714285714
420,43132,420,0.11424680440106183,0.0,0.7142857142857143
421,43205,421,0.12866115670196854,0.0,0.5714285714285714
422,43294,422,0.07784976108510323,0.0,0.8571428571428571
423,43375,423,0.09330159309228475,0.0,0.5714285714285714
424,43504,424,0.08549612730779699,0.0,0.5714285714285714
425,43617,425,0.13488614714204492,0.0,0.42857142857142855
426,43698,426,0.13551369494287063,0.0,0.42857142857142855
427,43795,427,0.12838464074127842,0.0,0.42857142857142855
428,43940,428,0.06091439447276773,0.0,0.7142857142857143
429,44029,429,0.08371130853759082,0.0,0.7142857142857143
430,44126,430,0.08798322067212513,0.0,0.7142857142857143
431,44263,431,0.06730310862640823,0.0,0.5714285714285714
432,44336,432,0.18658861938388632,0.0,0.2857142857142857
433,44425,433,0.0825209071434603,0.0,0.5714285714285714
434,44498,434,0.1638639555339048,0.0,0.5714285714285714
435,44563,435,0.07347436167597153,0.0,0.8571428571428571
436,44636,436,0.19405380381892126,0.0,0.14285714285714285
437,44749,437,0.12028113163009296,0.0,0.5714285714285714
438,44878,438,0.05035730310669351,1.0,1.0
439,44999,439,0.05938612627785188,0.0,0.7142857142857143
440,45080,440,0.12089886091684457,0.0,0.2857142857142857
441,45209,441,0.10854953499863768,0.0,0.5714285714285714
442,45354,442,0.046804705162083134,1.0,1.0
443,45435,443,0.14491217000951293,0.0,0.42857142857142855
444,45532,444,0.08696491628928926,0.0,0.5714285714285714
445,45613,445,0.0799612723690807,0.0,0.8571428571428571
446,45718,446,0.07151494044597853,0.0,0.7142857142857143
447,45823,447,0.07816829487079165,0.0,0.5714285714285714
448,45912,448,0.10490853296285092,0.0,0.42857142857142855
449,46025,449,0.13437052687336937,0.0,0.5714285714285714
450,46098,450,0.07922625419284386,0.0,0.7142857142857143
451,46307,451,0.05165964157190711,0.0,0.7142857142857143
452,46388,452,0.13399434503925298,0.0,0.42857142857142855
453,46461,453,0.06815412614484861,0.0,0.8571428571428571
454,46566,454,0.10379458414045792,0.0,0.42857142857142855
455,46655,455,0.11088044071640153,0.0,0.5714285714285714
456,46744,456,0.06844177979672333,0.0,0.5714285714285714
457,46833,457,0.06885719930338466,0.0,0.7142857142857143
458,46914,458,0.08349075022447505,0.0,0.5714285714285714
459,47003,459,0.08583993481834609,0.0,0.5714285714285714
460,47084,460,0.07466420809112606,0.0,0.8571428571428571
461,47189,461,0.07989295728108678,0.0,0.8571428571428571
462,47278,462,0.10172402369515691,0.0,0.7142857142857143
463,47359,463,0.09884585947642338,0.0,0.5714285714285714
464,47472,464,0.05489880198183917,0.0,0.8571428571428571
465,47561,465,0.0777974126159306,0.0,0.8571428571428571
466,47658,466,0.05202095017729031,0.0,0.8571428571428571
467,47747,467,0.10120238692039328,0.0,0.42857142857142855
468,47828,468,0.07110093728739957,0.0,0.7142857142857143
469,47941,469,0.057262130214847794,0.0,0.8571428571428571
470,48030,470,0.11421797370899597,0.0,0.7142857142857143
471,48127,471,0.07070271256159533,0.0,0.7142857142857143
472,48208,472,0.1449793267289415,0.0,0.5714285714285714
473,48281,473,0.07293260408846335,0.0,0.5714285714285714
474,48338,474,0.1644927879001573,0.0,0.42857142857142855
475,48467,475,0.04750564080558803,0.0,0.7142857142857143
476,48548,476,0.07181880335722234,0.0,0.8571428571428571
477,48669,477,0.12300820585205413,0.0,0.5714285714285714
478,48718,478,0.15342901817416227,0.0,0.7142857142857143
479,48887,479,0.06594912199348202,0.0,0.5714285714285714
480,48960,480,0.14471974235142018,0.0,0.42857142857142855
481,49089,481,0.06487468557347142,0.0,0.42857142857142855
482,49178,482,0.1387449014427892,0.0,0.7142857142857143
483,49299,483,0.05169262038321662,0.0,0.8571428571428571
484,49396,484,0.07063130397744924,0.0,0.8571428571428571
485,49493,485,0.0697585975194579,0.0,0.7142857142857143
486,49606,486,0.12227106153836109,0.0,0.2857142857142857
487,49679,487,0.1434583311358276,0.0,0.42857142857142855
488,49768,488,0.07267257976671151,0.0,0.8571428571428571
489,49873,489,0.05072279128881817,0.0,0.8571428571428571
490,49978,490,0.06716780609089676,0.0,0.5714285714285714
491,50067,491,0.09307407353691816,0.0,0.42857142857142855
492,50156,492,0.0728393572708658,0.0,0.7142857142857143
493,50213,493,0.09987075820980991,0.0,0.7142857142857143
494,50318,494,0.06964272214722139,0.0,0.7142857142857143
495,50399,495,0.08418386425849894,0.0,0.7142857142857143
496,50520,496,0.10199906250970282,0.0,0.5714285714285714
497,50641,497,0.09319855500881868,0.0,0.42857142857142855
498,50746,498,0.06979887920727308,0.0,0.8571428571428571
499,50819,499,0.11164922346011735,0.0,0.5714285714285714
500,50908,500,0.07887399809776319,0.0,0.5714285714285714
501,50981,501,0.13846853209944027,0.0,0.2857142857142857
502,51062,502,0.0759899683969561,0.0,0.8571428571428571
503,51159,503,0.09092557270021036,0.0,0.42857142857142855
504,51248,504,0.07181283598448236,0.0,0.5714285714285714
505,51345,505,0.057157033769296206,0.0,0.8571428571428571
506,51466,506,0.053843801087462145,0.0,0.8571428571428571
507,51555,507,0.07831157961344369,0.0,0.5714285714285714
508,51660,508,0.11452707820657033,0.0,0.5714285714285714
509,51781,509,0.09177107874541253,0.0,0.42857142857142855
510,51854,510,0.06223726994066964,0.0,0.7142857142857143
511,51983,511,0.07034518619872417,0.0,0.7142857142857143
512,52048,512,0.07771640434026267,0.0,0.7142857142857143
513,52113,513,0.09467658147245857,0.0,0.7142857142857143
514,52178,514,0.10101766292928005,0.0,0.7142857142857143
515,52331,515,0.05384985503169063,0.0,0.5714285714285714
516,52460,516,0.05201353176608109,0.0,0.7142857142857143
517,52541,517,0.07050861006192281,0.0,0.8571428571428571
518,52622,518,0.10049833692781247,0.0,0.7142857142857143
519,52783,519,0.05037167488788783,0.0,0.5714285714285714
520,52872,520,0.1424603090131793,0.0,0.42857142857142855
521,52953,521,0.04773698493174743,1.0,1.0
522,53066,522,0.051203183805752936,0.0,0.7142857142857143
523,53155,523,0.06761997164134464,0.0,0.7142857142857143
524,53276,524,0.05223146312464936,0.0,0.7142857142857143
525,53333,525,0.16029238450564398,0.0,0.5714285714285714
526,53438,526,0.08789373000686354,0.0,0.42857142857142855
527,53591,527,0.05578937579536184,0.0,0.5714285714285714
528,53688,528,0.0760903506558922,0.0,0.8571428571428571
529,53809,529,0.061203675937943146,0.0,0.5714285714285714
530,53866,530,0.10245093642559368,0.0,0.7142857142857143
531,53963,531,0.141887758738006,0.0,0.42857142857142855
532,54108,532,0.0638649196424942,0.0,0.42857142857142855
533,54269,533,0.06327861964522162,0.0,0.42857142857142855
534,54342,534,0.10642516361736246,0.0,0.7142857142857143
535,54439,535,0.13327062784027172,0.0,0.42857142857142855
536,54520,536,0.09482947201219213,0.0,0.42857142857142855
537,54665,537,0.050265475699891086,0.0,0.8571428571428571
538,54770,538,0.04153656242048153,1.0,1.0
539,54859,539,0.07692095463621873,0.0,0.7142857142857143
540,54956,540,0.06633167342799424,0.0,0.5714285714285714
541,55037,541,0.07332634798252546,0.0,0.7142857142857143
542,55142,542,0.06586753924280997,0.0,0.7142857142857143
543,55223,543,0.1101847809182509,0.0,0.7142857142857143
544,55336,544,0.05968268631643566,0.0,0.8571428571428571
545,55497,545,0.04588808755355059,0.0,0.8571428571428571
546,55562,546,0.15041027879447938,0.0,0.5714285714285714
547,55627,547,0.10126118220066929,0.0,0.5714285714285714
548,55748,548,0.054418101540941274,0.0,0.8571428571428571
549,55853,549,0.15329068994801048,0.0,0.2857142857142857
550,55942,550,0.06260011795394266,0.0,0.7142857142857143
551,56039,551,0.0635753447785828,0.0,0.8571428571428571
552,56144,552,0.07670728793669976,0.0,0.5714285714285714
553,56233,553,0.06455447835855672,0.0,0.7142857142857143
554,56322,554,0.055928596464172274,0.0,0.8571428571428571
555,56491,555,0.037100564512268945,0.0,0.8571428571428571
556,56596,556,0.07876195863295625,0.0,0.7142857142857143
557,56709,557,0.07192357777228608,0.0,0.7142857142857143
558,56918,558,0.04795675693770346,0.0,0.7142857142857143
559,57007,559,0.098449669903176,0.0,0.5714285714285714
560,57080,560,0.07804774277267927,0.0,0.5714285714285714
561,57169,561,0.06165157817845201,0.0,0.7142857142857143
562,57274,562,0.07876254654003648,0.0,0.42857142857142855
563,57387,563,0.1171527675939017,0.0,0.5714285714285714
564,57468,564,0.0756639913241379,0.0,0.42857142857142855
565,57573,565,0.0867964474764057,0.0,0.7142857142857143
566,57670,566,0.12612513574021553,0.0,0.42857142857142855
567,57743,567,0.1123022306906124,0.0,0.42857142857142855
568,57848,568,0.09207815296106184,0.0,0.42857142857142855
569,57993,569,0.07390942097939034,0.0,0.5714285714285714
570,58178,570,0.04818723352113802,0.0,0.7142857142857143
571,58291,571,0.06884506668082654,0.0,0.7142857142857143
572,58372,572,0.13299844981850037,0.0,0.42857142857142855
573,58461,573,0.07948335881527534,0.0,0.7142857142857143
574,58566,574,0.11971499586260159,0.0,0.7142857142857143
575,58655,575,0.07564541283083434,0.0,0.7142857142857143
576,58744,576,0.1218818785194096,0.0,0.42857142857142855
577,58841,577,0.09730381329746403,0.0,0.5714285714285714
578,58978,578,0.09220604549019994,0.0,0.5714285714285714
579,59059,579,0.06932515192899155,0.0,0.8571428571428571
580,59140,580,0.10851314609195106,0.0,0.5714285714285714
581,59237,581,0.09474388665704586,0.0,0.42857142857142855
582,59350,582,0.06495118946704938,0.0,0.7142857142857143
583,59463,583,0.04922533684321804,0.0,0.8571428571428571
584,59520,584,0.1055944192342161,0.0,0.7142857142857143
585,59625,585,0.10289413905056091,0.0,0.42857142857142855
586,59706,586,0.07305922300464045,0.0,0.5714285714285714
587,59787,587,0.08103152583679912,0.0,0.5714285714285714
588,59908,588,0.09015980046772165,0.0,0.42857142857142855
589,60005,589,0.07699746445621712,0.0,0.5714285714285714
590,60062,590,0.11812681632563388,0.0,0.5714285714285714
591,60159,591,0.07818567764857334,0.0,0.5714285714285714
592,60240,592,0.08152083681040677,0.0,0.7142857142857143
593,60337,593,0.0738919351086588,0.0,0.7142857142857143
594,60378,594,0.1317155394210713,0.0,0.8571428571428571
595,60475,595,0.07431441132869016,0.0,0.42857142857142855
596,60548,596,0.0747742587014222,0.0,0.7142857142857143
597,60629,597,0.07537515129723853,0.0,0.7142857142857143
598,60710,598,0.08976430603700282,0.0,0.5714285714285714
599,60799,599,0.16263018117683387,0.0,0.5714285714285714
600,60904,600,0.06154979376144604,0.0,0.8571428571428571
601,60985,601,0.12002480987791389,0.0,0.5714285714285714
602,61114,602,0.06726227422748308,0.0,0.42857142857142855
603,61203,603,0.11921500456064348,0.0,0.5714285714285714
604,61260,604,0.12984561310487283,0.0,0.2857142857142857
605,61325,605,0.07966798439160812,0.0,0.7142857142857143
606,61438,606,0.06975595566775673,0.0,0.7142857142857143
607,61511,607,0.07792050713675255,0.0,0.7142857142857143
608,61608,608,0.08458765146231446,0.0,0.5714285714285714
609,61689,609,0.22168015008382824,0.0,0.42857142857142855
610,61794,610,0.11889004424874518,0.0,0.7142857142857143
611,61875,611,0.09786110043216469,0.0,0.2857142857142857
612,61996,612,0.05259893423364459,0.0,0.7142857142857143
613,62061,613,0.08586529962107306,0.0,0.5714285714285714
614,62182,614,0.0545347387303021,0.0,0.7142857142857143
615,62263,615,0.09654239197144487,0.0,0.7142857142857143
616,62376,616,0.05596156825037594,0.0,0.5714285714285714
617,62489,617,0.10183823296633428,0.0,0.2857142857142857
618,62738,618,0.050204017673146854,0.0,0.5714285714285714
619,62843,619,0.08625034995494038,0.0,0.7142857142857143
620,62892,620,0.08226528695520906,1.0,1.0
621,62981,621,0.10287896572650922,0.0,0.7142857142857143
622,63182,622,0.04512453181279998,0.0,0.42857142857142855
623,63327,623,0.04812574265525503,0.0,0.7142857142857143
624,63432,624,0.05325942523534301,0.0,0.8571428571428571
625,63529,625,0.08533605239110101,0.0,0.42857142857142855
626,63618,626,0.15318645997439903,0.0,0.5714285714285714
627,63755,627,0.07047610911803477,0.0,0.7142857142857143
628,63852,628,0.0967007155806156,0.0,0.5714285714285714
629,63957,629,0.09159656701301384,0.0,0.7142857142857143
630,64070,630,0.05503972528733096,0.0,0.7142857142857143
631,64199,631,0.09355893408892711,0.0,0.7142857142857143
632,64304,632,0.05587022387229809,0.0,0.8571428571428571
633,64377,633,0.14734290826864402,0.0,0.5714285714285714
634,64474,634,0.21495080014352422,0.0,0.42857142857142855
635,64595,635,0.08335409470586941,0.0,0.5714285714285714
636,64684,636,0.13369841689650538,0.0,0.2857142857142857
637,64765,637,0.08280337387591136,0.0,0.5714285714285714
638,64854,638,0.06205298521003648,0.0,0.8571428571428571
639,64919,639,0.11746139534414396,0.0,0.5714285714285714
640,65008,640,0.11363140698063286,0.0,0.5714285714285714
641,65129,641,0.10719365838109904,0.0,0.2857142857142857
642,65250,642,0.09240996486559742,0.0,0.5714285714285714
643,65371,643,0.06056567413532563,0.0,0.5714285714285714
644,65484,644,0.09298168938848124,0.0,0.42857142857142855
645,65549,645,0.17427359638157217,0.0,0.5714285714285714
646,65638,646,0.10291788852445526,0.0,0.7142857142857143
647,65791,647,0.08709912389752725,0.0,0.2857142857142857
648,65880,648,0.09499288599821738,0.0,0.7142857142857143
649,65953,649,0.17912496651781518,0.0,0.2857142857142857
650,66074,650,0.08571522600421062,0.0,0.5714285714285714
651,66163,651,0.09824028149728706,0.0,0.42857142857142855
652,66260,652,0.06867567914395598,0.0,0.7142857142857143
653,66413,653,0.06900923357424815,0.0,0.7142857142857143
654,66486,654,0.10004223512524428,0.0,0.5714285714285714
655,66623,655,0.056991919431927864,0.0,0.7142857142857143
656,66704,656,0.08614830078464002,0.0,0.7142857142857143
657,66801,657,0.06901318524922923,0.0,0.7142857142857143
658,66978,658,0.05307517586430714,0.0,0.8571428571428571
659,67075,659,0.07254512293198787,0.0,0.7142857142857143
660,67164,660,0.07628751348816547,0.0,0.8571428571428571
661,67261,661,0.06024187863215047,0.0,0.8571428571428571
662,67350,662,0.1066825362445194,0.0,0.5714285714285714
663,67431,663,0.08210417786421023,0.0,0.5714285714285714
664,67632,664,0.05512911083670334,0.0,0.5714285714285714
665,67761,665,0.0630798596994282,0.0,0.7142857142857143
666,67906,666,0.08986462253741695,0.0,0.42857142857142855
667,67987,667,0.114484149287513,0.0,0.2857142857142857
668,68052,668,0.09487317839161732,0.0,0.7142857142857143
669,68253,669,0.07029556233087787,0.0,0.42857142857142855
670,68318,670,0.10907212092875852,0.0,0.7142857142857143
671,68431,671,0.05091511372702371,0.0,0.5714285714285714
672,68528,672,0.10485055575210026,0.0,0.42857142857142855
673,68617,673,0.08286490271353779,0.0,0.42857142857142855
674,68690,674,0.09682885453648245,0.0,0.5714285714285714
675,68811,675,0.10831348667505275,0.0,0.42857142857142855
676,68892,676,0.07644167045345968,0.0,0.7142857142857143
677,68981,677,0.10195695711299776,0.0,0.5714285714285714
678,69102,678,0.07814454445369969,0.0,0.5714285714285714
679,69191,679,0.15098549946090895,0.0,0.5714285714285714
680,69272,680,0.11093695740240217,0.0,0.5714285714285714
681,69409,681,0.05061221888449783,0.0,0.5714285714285714
682,69538,682,0.0511064696865833,0.0,0.42857142857142855
683,69635,683,0.08636958491893892,0.0,0.5714285714285714
684,69708,684,0.07163589090225288,0.0,0.8571428571428571
685,69837,685,0.05587782231610617,0.0,0.7142857142857143
686,69950,686,0.09906940909170121,0.0,0.42857142857142855
687,70063,687,0.048633503089033955,0.0,0.8571428571428571
688,70176,688,0.07425203437288085,0.0,0.42857142857142855
689,70297,689,0.08496326898806243,0.0,0.7142857142857143
690,70442,690,0.07377250554546057,0.0,0.42857142857142855
691,70539,691,0.059804747877727396,0.0,0.8571428571428571
692,70660,692,0.089093788146182,0.0,0.2857142857142857
693,70757,693,0.061375263058174215,0.0,0.7142857142857143
694,70886,694,0.05538771682996753,0.0,0.5714285714285714
695,70951,695,0.06388175428915929,0.0,0.8571428571428571
696,71040,696,0.08837351258615275,0.0,0.5714285714285714
697,71137,697,0.060762221581523286,0.0,0.8571428571428571
698,71250,698,0.12400390461301347,0.0,0.42857142857142855
699,71355,699,0.07131652878483204,0.0,0.8571428571428571
700,71428,700,0.09458440887746594,0.0,0.5714285714285714
701,71557,701,0.074070836924966,0.0,0.42857142857142855
702,71622,702,0.08376525837389637,1.0,1.0
703,71719,703,0.050144421188723906,1.0,1.0
704,71864,704,0.06542627297002278,0.0,0.7142857142857143
705,71913,705,0.20058085653043237,0.0,0.42857142857142855
706,71978,706,0.10860164793987678,0.0,0.5714285714285714
707,72139,707,0.09791345597634063,0.0,0.42857142857142855
708,72244,708,0.11008577064986849,0.0,0.5714285714285714
709,72381,709,0.10176240710139715,0.0,0.42857142857142855
710,72462,710,0.053645351622166354,0.0,0.8571428571428571
711,72607,711,0.0857772963795934,0.0,0.42857142857142855
712,72728,712,0.06427112744705907,0.0,0.7142857142857143
713,72873,713,0.05704469214824106,0.0,0.5714285714285714
714,72954,714,0.07589717697902233,0.0,0.5714285714285714
715,73115,715,0.05133354891970521,0.0,0.5714285714285714
716,73212,716,0.1178326836771123,0.0,0.2857142857142857
717,73293,717,0.07023465603860678,0.0,0.7142857142857143
718,73374,718,0.14119448387677586,0.0,0.42857142857142855
719,73463,719,0.0690880979809299,0.0,0.7142857142857143
720,73568,720,0.1163159617383875,0.0,0.42857142857142855
721,73673,721,0.06991408164133855,0.0,0.7142857142857143
722,73754,722,0.08125963304995093,0.0,0.7142857142857143
723,73843,723,0.11352712143561804,0.0,0.42857142857142855
724,73940,724,0.08534002813837523,0.0,0.42857142857142855
725,74077,725,0.08381380428965822,0.0,0.5714285714285714
726,74174,726,0.06379748898475252,0.0,0.7142857142857143
727,74263,727,0.06765815164966625,0.0,0.7142857142857143
728,74376,728,0.07636484854958585,0.0,0.5714285714285714
729,74457,729,0.07101561006997507,0.0,0.7142857142857143
730,74570,730,0.1052626824537687,0.0,0.14285714285714285
731,74651,731,0.08065397866601416,0.0,0.5714285714285714
732,74716,732,0.08988157163196206,0.0,0.7142857142857143
733,74797,733,0.09775667294471352,0.0,0.5714285714285714
734,74886,734,0.08459620323376096,0.0,0.7142857142857143
735,75015,735,0.07142863240989755,0.0,0.7142857142857143
736,75112,736,0.11976164349228988,0.0,0.42857142857142855
737,75193,737,0.11824419326556744,0.0,0.5714285714285714
738,75250,738,0.07281427670160805,1.0,1.0
739,75339,739,0.11315245207570115,0.0,0.42857142857142855
740,75428,740,0.13513755021325943,0.0,0.42857142857142855
741,75509,741,0.06434906589504862,0.0,0.7142857142857143
742,75590,742,0.09027388414597953,0.0,0.5714285714285714
743,75751,743,0.07710167828843986,0.0,0.5714285714285714
744,75840,744,0.09560908146021245,0.0,0.5714285714285714
745,75913,745,0.0979793793994112,0.0,0.5714285714285714
746,75986,746,0.16330577910311453,0.0,0.42857142857142855
747,76107,747,0.06571846460137386,0.0,0.8571428571428571
748,76228,748,0.0642526766061995,0.0,0.42857142857142855
749,76373,749,0.05885629813457929,0.0,0.5714285714285714
750,76454,750,0.1366866481659381,0.0,0.42857142857142855
751,76535,751,0.09256708661450103,0.0,0.5714285714285714
752,76608,752,0.09620021816433613,0.0,0.7142857142857143
753,76753,753,0.044243448505624956,1.0,1.0
754,76842,754,0.07183708445377854,0.0,0.5714285714285714
755,76923,755,0.0784642868154915,0.0,0.42857142857142855
756,77020,756,0.07931314593997778,0.0,0.5714285714285714
757,77133,757,0.05020302069430078,0.0,0.7142857142857143
758,77198,758,0.10517395631806124,0.0,0.7142857142857143
759,77263,759,0.1017382105943034,0.0,0.5714285714285714
760,77352,760,0.06977865861714733,0.0,0.42857142857142855
761,77433,761,0.060469669814221576,0.0,0.8571428571428571
762,77562,762,0.05080069893980294,0.0,0.5714285714285714
763,77771,763,0.036435665854548396,0.0,0.8571428571428571
764,77972,764,0.040193279271281065,0.0,0.7142857142857143
765,78037,765,0.06395421815760301,1.0,1.0
766,78110,766,0.09334913524157147,0.0,0.7142857142857143
767,78215,767,0.0409818591776079,1.0,1.0
768,78296,768,0.054434616480444675,0.0,0.8571428571428571
769,78425,769,0.1100894853268187,0.0,0.5714285714285714
770,78538,770,0.06316735678630786,0.0,0.42857142857142855
771,78635,771,0.09800157803394541,0.0,0.5714285714285714
772,78756,772,0.09752751589762435,0.0,0.42857142857142855
773,78861,773,0.05918654629869428,0.0,0.8571428571428571
774,79006,774,0.05645241936663903,0.0,0.5714285714285714
775,79119,775,0.04905360885781289,0.0,0.7142857142857143
776,79216,776,0.09273758727542371,0.0,0.5714285714285714
777,79305,777,0.061978971572458574,0.0,0.7142857142857143
778,79378,778,0.055500663498193416,0.0,0.8571428571428571
779,79451,779,0.058505210540946186,0.0,0.7142857142857143
780,79548,780,0.05464785363037512,0.0,0.8571428571428571
781,79637,781,0.09624927633568156,0.0,0.5714285714285714
782,79742,782,0.08327260457786345,0.0,0.7142857142857143
783,79871,783,0.049270055363485735,0.0,0.8571428571428571
784,79960,784,0.0853905597169201,0.0,0.42857142857142855
785,80041,785,0.2038059889883589,0.0,0.5714285714285714
786,80130,786,0.0665601199324754,0.0,0.7142857142857143
787,80259,787,0.10540581826246125,0.0,0.7142857142857143
788,80340,788,0.07338723229838798,0.0,0.7142857142857143
789,80453,789,0.06565152870021392,0.0,0.5714285714285714
790,80574,790,0.1140833373216122,0.0,0.2857142857142857
791,80679,791,0.05613557967133182,0.0,0.7142857142857143
792,80760,792,0.05325816383608617,0.0,0.8571428571428571
793,80841,793,0.060771660844871817,0.0,0.7142857142857143
794,80938,794,0.06323142829968977,0.0,0.7142857142857143
795,80995,795,0.09691715661754381,0.0,0.5714285714285714
796,81100,796,0.07307912771154476,0.0,0.8571428571428571
797,81229,797,0.055370457050174765,0.0,0.5714285714285714
798,81342,798,0.10534543415527746,0.0,0.2857142857142857
799,81431,799,0.06310732065300975,0.0,0.8571428571428571
800,81544,800,0.08859053321412505,0.0,0.42857142857142855
801,81665,801,0.07267116262851533,0.0,0.8571428571428571
802,81810,802,0.05951232593513597,0.0,0.7142857142857143
803,81899,803,0.08983215867787128,0.0,0.5714285714285714
804,82012,804,0.08678349099720176,0.0,0.42857142857142855
805,82093,805,0.09552261399868985,0.0,0.7142857142857143
806,82150,806,0.06870424529541715,1.0,1.0
807,82215,807,0.07137651959315917,0.0,0.8571428571428571
808,82304,808,0.10605022772610853,0.0,0.5714285714285714
809,82409,809,0.08370024626443272,0.0,0.7142857142857143
810,82554,810,0.05098408170148104,0.0,0.8571428571428571
811,82635,811,0.08189737616449566,0.0,0.7142857142857143
812,82716,812,0.05219854265231697,0.0,0.8571428571428571
813,82813,813,0.047234107514517135,1.0,1.0
814,82902,814,0.0699673074989253,0.0,0.7142857142857143
815,83015,815,0.03686683840001673,0.0,0.8571428571428571
816,83128,816,0.07039515066632604,0.0,0.8571428571428571
817,83217,817,0.055204002786433025,0.0,0.8571428571428571
818,83290,818,0.1810143794683972,0.0,0.14285714285714285
819,83403,819,0.049592163122794894,1.0,1.0
820,83484,820,0.09197693004612666,0.0,0.5714285714285714
821,83613,821,0.06135598521571958,0.0,0.7142857142857143
822,83710,822,0.07523820923943882,0.0,0.8571428571428571
823,83807,823,0.07587947010555883,0.0,0.42857142857142855
824,83928,824,0.0816456924417774,0.0,0.42857142857142855
825,84033,825,0.07940070415128923,0.0,0.42857142857142855
826,84122,826,0.05455638269948974,0.0,0.7142857142857143
827,84251,827,0.04191711732064682,1.0,1.0
828,84404,828,0.037540444524988024,0.0,0.8571428571428571
829,84501,829,0.065795437706117,0.0,0.7142857142857143
830,84614,830,0.07261610253795392,0.0,0.42857142857142855
831,84703,831,0.07343884701322333,0.0,0.5714285714285714
832,84808,832,0.08903949258318443,0.0,0.7142857142857143
833,84897,833,0.10160349369527631,0.0,0.42857142857142855
834,85082,834,0.05273836718178957,0.0,0.42857142857142855
835,85227,835,0.09270980160310804,0.0,0.2857142857142857
836,85340,836,0.08901462356464306,0.0,0.5714285714285714
837,85421,837,0.08966002122678765,0.0,0.42857142857142855
838,85542,838,0.05846592924849635,0.0,0.5714285714285714
839,85695,839,0.04788216269458751,0.0,0.5714285714285714
840,85800,840,0.05405685330194291,0.0,0.8571428571428571
841,85889,841,0.05624396488946745,0.0,0.8571428571428571
842,86002,842,0.07782422460303776,0.0,0.5714285714285714
843,86179,843,0.03813057717167381,0.0,0.8571428571428571
844,86284,844,0.12148408467775601,0.0,0.5714285714285714
845,86397,845,0.060103017858245296,0.0,0.42857142857142855
846,86518,846,0.07202269262958669,0.0,0.7142857142857143
847,86639,847,0.05870413158208491,0.0,0.7142857142857143
848,86744,848,0.13682591885996562,0.0,0.2857142857142857
849,86833,849,0.0710168234938597,0.0,0.7142857142857143
850,86930,850,0.06330520507208803,0.0,0.8571428571428571
851,87003,851,0.07732796116123607,0.0,0.7142857142857143
852,87108,852,0.10815798584274376,0.0,0.5714285714285714
853,87181,853,0.08218593087588992,0.0,0.7142857142857143
854,87254,854,0.10303907608027656,0.0,0.5714285714285714
855,87343,855,0.1145319005561892,0.0,0.7142857142857143
856,87464,856,0.07251154743535881,0.0,0.5714285714285714
857,87537,857,0.14931360515504213,0.0,0.14285714285714285
858,87666,858,0.03986608543191579,0.0,0.7142857142857143
859,87787,859,0.10267749705986837,0.0,0.5714285714285714
860,87900,860,0.05377988242431716,0.0,0.7142857142857143
861,87997,861,0.08276642202288303,0.0,0.42857142857142855
862,88086,862,0.1047298542969491,0.0,0.42857142857142855
863,88207,863,0.08111976218646548,0.0,0.2857142857142857
864,88360,864,0.08965854266726972,0.0,0.2857142857142857
865,88425,865,0.08685559455218025,0.0,0.7142857142857143
866,88626,866,0.054720358203598884,0.0,0.5714285714285714
867,88787,867,0.08476326193614409,0.0,0.42857142857142855
868,88908,868,0.05863091682061106,0.0,0.5714285714285714
869,89005,869,0.06286118541798108,0.0,0.7142857142857143
870,89086,870,0.059063698774967636,0.0,0.8571428571428571
871,89167,871,0.07839376365084899,0.0,0.5714285714285714
872,89256,872,0.07754154135871927,0.0,0.5714285714285714
873,89305,873,0.09174229820431114,0.0,0.8571428571428571
874,89386,874,0.07196176481161819,0.0,0.8571428571428571
875,89507,875,0.10707600440050495,0.0,0.5714285714285714
876,89588,876,0.0897103921771486,0.0,0.5714285714285714
877,89693,877,0.0829159749075524,0.0,0.5714285714285714
878,89758,878,0.0733611753112973,0.0,0.7142857142857143
879,89871,879,0.11162617226705282,0.0,0.5714285714285714
880,89952,880,0.06620647396352433,0.0,0.5714285714285714
881,89993,881,0.12329242980165873,0.0,0.7142857142857143
882,90066,882,0.1412233854351972,0.0,0.42857142857142855
883,90147,883,0.07373786695853232,0.0,0.5714285714285714
884,90292,884,0.06800001507628824,0.0,0.42857142857142855
885,90381,885,0.06487699221102626,0.0,0.8571428571428571
886,90462,886,0.14567869048182186,0.0,0.7142857142857143
887,90551,887,0.06738577424290601,0.0,0.7142857142857143
888,90696,888,0.07236496100559127,0.0,0.42857142857142855
889,90801,889,0.07495515067916131,0.0,0.7142857142857143
890,90858,890,0.09506624073709774,0.0,0.8571428571428571
891,90979,891,0.05062521055621133,0.0,0.7142857142857143
892,91124,892,0.04972627430573386,0.0,0.7142857142857143
893,91237,893,0.054572090599397466,0.0,0.7142857142857143
894,91342,894,0.048469277245122414,1.0,1.0
895,91439,895,0.14273682937627502,0.0,0.42857142857142855
896,91552,896,0.07805577860713778,0.0,0.7142857142857143
897,91649,897,0.06211573751238271,0.0,0.7142857142857143
898,91714,898,0.110127376333362,0.0,0.7142857142857143
899,91923,899,0.051587566179804034,0.0,0.7142857142857143
900,92060,900,0.09590171731339281,0.0,0.7142857142857143
901,92165,901,0.07021180110547834,0.0,0.8571428571428571
902,92294,902,0.05215207509426818,0.0,0.5714285714285714
903,92431,903,0.09539013018087003,0.0,0.5714285714285714
904,92544,904,0.13257166665668202,0.0,0.42857142857142855
905,92625,905,0.07617950276355988,0.0,0.5714285714285714
906,92730,906,0.09937448621220517,0.0,0.5714285714285714
907,92827,907,0.06343831412953249,0.0,0.7142857142857143
908,92940,908,0.047344336601329674,0.0,0.8571428571428571
909,93141,909,0.0631865267029527,0.0,0.42857142857142855
910,93262,910,0.042060812613393256,0.0,0.5714285714285714
911,93367,911,0.08420780148731376,0.0,0.42857142857142855
912,93480,912,0.0584902975901163,0.0,0.7142857142857143
913,93577,913,0.09371235904524383,0.0,0.5714285714285714
914,93650,914,0.07787953080415011,0.0,0.7142857142857143
915,93707,915,0.10032529242723935,0.0,0.7142857142857143
916,93796,916,0.10645976180774595,0.0,0.7142857142857143
917,93861,917,0.07698208034760227,0.0,0.7142857142857143
918,93958,918,0.042858558025187954,1.0,1.0
919,94079,919,0.0595690268229761,0.0,0.7142857142857143
920,94176,920,0.06303416452525804,0.0,0.8571428571428571
921,94265,921,0.047649292651860214,1.0,1.0
922,94354,922,0.055031897075529995,0.0,0.8571428571428571
923,94451,923,0.09905078417656872,0.0,0.42857142857142855
924,94524,924,0.10518125562606857,0.0,0.5714285714285714
925,94589,925,0.1264482694943763,0.0,0.7142857142857143
926,94678,926,0.0681957812452112,0.0,0.7142857142857143
927,94743,927,0.056531174171028625,1.0,1.0
928,94832,928,0.11689893272255589,0.0,0.5714285714285714
929,94929,929,0.05936511889237407,0.0,0.7142857142857143
930,95034,930,0.08402394750076801,0.0,0.2857142857142857
931,95179,931,0.051054816140287784,0.0,0.7142857142857143
932,95252,932,0.07581476137684148,0.0,0.7142857142857143
933,95373,933,0.084775636809815,0.0,0.5714285714285714
934,95502,934,0.07208299426785189,0.0,0.7142857142857143
935,95615,935,0.07233277816238115,0.0,0.5714285714285714
936,95736,936,0.07215903739706603,0.0,0.5714285714285714
937,95841,937,0.06253771709100316,0.0,0.7142857142857143
938,95898,938,0.08139342944861189,0.0,0.7142857142857143
939,95995,939,0.06670282991014612,0.0,0.7142857142857143
940,96068,940,0.06381173828427562,0.0,0.8571428571428571
941,96237,941,0.03718552502686732,0.0,0.8571428571428571
942,96318,942,0.09107859070951599,0.0,0.5714285714285714
943,96439,943,0.06335581565722533,0.0,0.5714285714285714
944,96552,944,0.09658838441847364,0.0,0.7142857142857143
945,96689,945,0.0703165942266402,0.0,0.42857142857142855
946,96786,946,0.09393809553939111,0.0,0.7142857142857143
947,97035,947,0.0481618664625773,0.0,0.7142857142857143
948,97108,948,0.09268390772040219,0.0,0.7142857142857143
949,97197,949,0.06381871015013366,0.0,0.8571428571428571
950,97358,950,0.051048861277384276,0.0,0.5714285714285714
951,97479,951,0.0769549617711091,0.0,0.42857142857142855
952,97552,952,0.07833463690914667,0.0,0.5714285714285714
953,97649,953,0.06095510157008902,0.0,0.7142857142857143
954,97762,954,0.07922769151993374,0.0,0.42857142857142855
955,97883,955,0.06639657684745422,0.0,0.7142857142857143
956,98036,956,0.06018841121842772,0.0,0.5714285714285714
957,98149,957,0.047904453895295906,0.0,0.7142857142857143
958,98238,958,0.04447049755877495,1.0,1.0
959,98343,959,0.07187871634592949,0.0,0.42857142857142855
960,98440,960,0.06766716827266767,0.0,0.7142857142857143
961,98537,961,0.057744963826920265,0.0,0.8571428571428571
962,98634,962,0.07747314211995823,0.0,0.7142857142857143
963,98771,963,0.048145520189306325,0.0,0.5714285714285714
964,98820,964,0.1580343512919232,0.0,0.5714285714285714
965,98925,965,0.05071683324450322,0.0,0.7142857142857143
966,98998,966,0.06493191315886279,0.0,0.7142857142857143
967,99079,967,0.04694921437543235,1.0,1.0
968,99176,968,0.05587349066601139,0.0,0.7142857142857143
969,99273,969,0.04428146310125157,1.0,1.0
970,99370,970,0.04858880464801283,1.0,1.0
971,99499,971,0.053229192069263714,0.0,0.5714285714285714
972,99564,972,0.17854511585362612,0.0,0.5714285714285714
973,99701,973,0.05153160185174142,0.0,0.7142857142857143
974,99766,974,0.1372911594188531,0.0,0.5714285714285714
975,99919,975,0.047407203063399045,0.0,0.5714285714285714
976,100008,976,0.08166864141521563,0.0,0.7142857142857143
977,100137,977,0.04092890862438367,0.0,0.7142857142857143
978,100266,978,0.07044777338958112,0.0,0.5714285714285714
979,100355,979,0.06184674924689303,0.0,0.8571428571428571
980,100444,980,0.05374014600457734,0.0,0.8571428571428571
981,100533,981,0.09160943555787857,0.0,0.5714285714285714
982,100638,982,0.05300302634193031,0.0,0.8571428571428571
983,100695,983,0.12572974090650468,0.0,0.42857142857142855
984,100856,984,0.04512925382329195,0.0,0.8571428571428571
985,101001,985,0.04864221537624366,0.0,0.8571428571428571
986,101082,986,0.05592209956348962,0.0,0.8571428571428571
987,101187,987,0.06190199861532873,0.0,0.5714285714285714
988,101276,988,0.09439261732157402,0.0,0.7142857142857143
989,101365,989,0.051155278365388517,0.0,0.7142857142857143
990,101526,990,0.06758088029165084,0.0,0.5714285714285714
991,101615,991,0.09395164759702808,0.0,0.42857142857142855
992,101680,992,0.06597206975328845,0.0,0.7142857142857143
993,101849,993,0.05833774887364381,0.0,0.7142857142857143
994,101962,994,0.10252013221132592,0.0,0.5714285714285714
995,102075,995,0.07455610614859323,0.0,0.8571428571428571
996,102172,996,0.05759982196821815,0.0,0.7142857142857143
997,102277,997,0.0899393944305722,0.0,0.5714285714285714
998,102422,998,0.06677201487222595,0.0,0.5714285714285714
999,102543,999,0.04546430774561062,0.0,0.8571428571428571
1000,102672,1000,0.13053130035244748,0.0,0.2857142857142857
1001,102793,1001,0.0510383860199654,0.0,0.7142857142857143
1002,102866,1002,0.045835112147023106,0.0,0.8571428571428571
1003,102947,1003,0.0701553960475958,0.0,0.42857142857142855
1004,103028,1004,0.10379847185654943,0.0,0.7142857142857143
1005,103117,1005,0.08447573302445316,0.0,0.7142857142857143
1006,103246,1006,0.08316411333559927,0.0,0.42857142857142855
1007,103367,1007,0.0814635002865992,0.0,0.8571428571428571
1008,103448,1008,0.07048446303445963,0.0,0.8571428571428571
1009,103537,1009,0.08774970769993864,0.0,0.7142857142857143
1010,103650,1010,0.057017904868282905,0.0,0.7142857142857143
1011,103707,1011,0.059406248231888246,0.0,0.7142857142857143
1012,103788,1012,0.0920574415188894,0.0,0.5714285714285714
1013,103893,1013,0.08314671532638247,0.0,0.7142857142857143
1014,103958,1014,0.06645124999125074,1.0,1.0
1015,104031,1015,0.056212764616858396,0.0,0.8571428571428571
1016,104096,1016,0.09199604925652238,0.0,0.7142857142857143
1017,104233,1017,0.040922596771407006,0.0,0.5714285714285714
1018,104362,1018,0.04754724913751489,0.0,0.7142857142857143
1019,104491,1019,0.08362481308118618,0.0,0.42857142857142855
1020,104580,1020,0.0708836575059666,0.0,0.7142857142857143
1021,104669,1021,0.10777465085814168,0.0,0.5714285714285714
1022,104790,1022,0.049187082729205335,0.0,0.7142857142857143
1023,104911,1023,0.046175138356155616,0.0,0.8571428571428571
1024,105000,1024,0.04731610175356102,0.0,0.8571428571428571
1025,105121,1025,0.07748500920282823,0.0,0.5714285714285714
1026,105242,1026,0.10983821599200988,0.0,0.2857142857142857
1027,105339,1027,0.07143461814445495,0.0,0.7142857142857143
1028,105468,1028,0.07171149592313214,0.0,0.5714285714285714
1029,105549,1029,0.1022306507648318,0.0,0.8571428571428571
1030,105646,1030,0.06331204552420028,0.0,0.7142857142857143
1031,105727,1031,0.09373958344845595,0.0,0.7142857142857143
1032,105832,1032,0.05214831427432938,0.0,0.7142857142857143
1033,105937,1033,0.07241883402064,0.0,0.7142857142857143
1034,106042,1034,0.058395954196592076,0.0,0.8571428571428571
1035,106123,1035,0.16489199415984424,0.0,0.2857142857142857
1036,106204,1036,0.07751255537977704,0.0,0.7142857142857143
1037,106277,1037,0.060790349889664655,0.0,0.8571428571428571
1038,106366,1038,0.050207597392427486,0.0,0.8571428571428571
1039,106439,1039,0.04880369495097612,0.0,0.8571428571428571
1040,106520,1040,0.0664933811645642,0.0,0.7142857142857143
1041,106617,1041,0.07858232416402945,0.0,0.7142857142857143
1042,106690,1042,0.18043745528340674,0.0,0.2857142857142857
1043,106787,1043,0.05162950154712234,0.0,0.7142857142857143
1044,106836,1044,0.1725884466136995,0.0,0.5714285714285714
1045,106909,1045,0.07381269720657858,0.0,0.8571428571428571
1046,107046,1046,0.05874219174910382,0.0,0.42857142857142855
1047,107143,1047,0.08588081190473038,0.0,0.5714285714285714
1048,107216,1048,0.11575964021031421,0.0,0.7142857142857143
1049,107305,1049,0.12474446502895513,0.0,0.7142857142857143
1050,107426,1050,0.03978303795447573,0.0,0.8571428571428571
1051,107523,1051,0.07187713183498393,0.0,0.5714285714285714
1052,107604,1052,0.06323920785944939,0.0,0.8571428571428571
1053,107693,1053,0.07463223832145477,0.0,0.5714285714285714
1054,107838,1054,0.049851243068881605,0.0,0.5714285714285714
1055,107919,1055,0.10257004265509749,0.0,0.7142857142857143
1056,108000,1056,0.08805160540136421,0.0,0.5714285714285714
1057,108089,1057,0.09438696415261472,0.0,0.7142857142857143
1058,108162,1058,0.05983663860035854,0.0,0.5714285714285714
1059,108315,1059,0.0648605057731574,0.0,0.5714285714285714
1060,108388,1060,0.08167512011799974,0.0,0.7142857142857143
1061,108469,1061,0.06065016644459137,0.0,0.8571428571428571
1062,108550,1062,0.12656137290360495,0.0,0.42857142857142855
1063,108639,1063,0.1008653862202217,0.0,0.42857142857142855
1064,108776,1064,0.042876757995072685,0.0,0.8571428571428571
1065,108873,1065,0.0538316429499658,0.0,0.8571428571428571
1066,108978,1066,0.053144171858772245,0.0,0.7142857142857143
1067,109075,1067,0.06644877269748577,0.0,0.8571428571428571
1068,109196,1068,0.07580124215655572,0.0,0.7142857142857143
1069,109245,1069,0.09424573216048883,0.0,0.8571428571428571
1070,109318,1070,0.06235976760420979,1.0,1.0
1071,109431,1071,0.1069871306322732,0.0,0.7142857142857143
1072,109568,1072,0.042179160435153955,0.0,0.7142857142857143
1073,109681,1073,0.10119409000627064,0.0,0.42857142857142855
1074,109794,1074,0.080601247694875,0.0,0.42857142857142855
1075,109931,1075,0.0818889283486522,0.0,0.7142857142857143
1076,110052,1076,0.06012370848759505,0.0,0.8571428571428571
1077,110141,1077,0.048209222532084164,0.0,0.8571428571428571
1078,110286,1078,0.06304442199643542,0.0,0.5714285714285714
1079,110367,1079,0.08451393065285083,0.0,0.7142857142857143
1080,110448,1080,0.06642635438673461,0.0,0.7142857142857143
1081,110529,1081,0.0750025694424403,0.0,0.8571428571428571
1082,110610,1082,0.07304409803864746,0.0,0.5714285714285714
1083,110699,1083,0.09822557174304664,0.0,0.7142857142857143
1084,110796,1084,0.060786981270985044,0.0,0.8571428571428571
1085,110917,1085,0.07250671142535066,0.0,0.5714285714285714
1086,111022,1086,0.059954011928630986,0.0,0.7142857142857143
1087,111119,1087,0.039080952283229636,1.0,1.0
1088,111264,1088,0.04934693257237768,0.0,0.5714285714285714
1089,111353,1089,0.0707939817477208,0.0,0.8571428571428571
1090,111418,1090,0.06211579204486043,0.0,0.7142857142857143
1091,111483,1091,0.06289391808320942,0.0,0.8571428571428571
1092,111564,1092,0.07738110198427603,0.0,0.7142857142857143
1093,111637,1093,0.14769864289470003,0.0,0.42857142857142855
1094,111718,1094,0.0630251045495752,0.0,0.7142857142857143
1095,111831,1095,0.06173155533376432,0.0,0.8571428571428571
1096,111936,1096,0.05684356677442758,0.0,0.7142857142857143
1097,112025,1097,0.07003429083308385,0.0,0.7142857142857143
1098,112170,1098,0.07762570609851435,0.0,0.42857142857142855
1099,112259,1099,0.04449159896361049,1.0,1.0
1100,112340,1100,0.0918613377257716,0.0,0.7142857142857143
1101,112405,1101,0.06015536054432005,0.0,0.7142857142857143
1102,112470,1102,0.04981177645046045,1.0,1.0
1103,112551,1103,0.060256594128844876,0.0,0.7142857142857143
1104,112656,1104,0.06744865291897581,0.0,0.7142857142857143
1105,112777,1105,0.0690364766629015,0.0,0.8571428571428571
1106,112882,1106,0.09142729481811217,0.0,0.5714285714285714
1107,112979,1107,0.053303072920352856,0.0,0.5714285714285714
1108,113124,1108,0.056912392936871274,0.0,0.5714285714285714
1109,113205,1109,0.05519290125263069,0.0,0.8571428571428571
1110,113310,1110,0.06694067290004078,0.0,0.7142857142857143
1111,113399,1111,0.09168373487999734,0.0,0.42857142857142855
1112,113536,1112,0.0749040884221262,0.0,0.5714285714285714
1113,113737,1113,0.05542198049278887,0.0,0.5714285714285714
1114,113810,1114,0.06396966559843956,0.0,0.8571428571428571
1115,113899,1115,0.0704078708134371,0.0,0.7142857142857143
1116,113964,1116,0.0773275370695137,0.0,0.5714285714285714
1117,114029,1117,0.12435108677287644,0.0,0.5714285714285714
1118,114206,1118,0.03644081509516582,0.0,0.8571428571428571
1119,114351,1119,0.0516629777897237,0.0,0.5714285714285714
1120,114464,1120,0.09799989070050807,0.0,0.7142857142857143
1121,114617,1121,0.03612015950484516,0.0,0.8571428571428571
1122,114706,1122,0.06725891699615617,0.0,0.8571428571428571
1123,114787,1123,0.14433529729810107,0.0,0.2857142857142857
1124,114932,1124,0.05776216713438569,0.0,0.42857142857142855
1125,115053,1125,0.08123841600184097,0.0,0.8571428571428571
1126,115182,1126,0.06868971524644621,0.0,0.5714285714285714
1127,115231,1127,0.1355756359140408,0.0,0.5714285714285714
1128,115328,1128,0.07076060909922186,0.0,0.7142857142857143
1129,115417,1129,0.043582925172944334,1.0,1.0
1130,115514,1130,0.06220335721940501,0.0,0.7142857142857143
1131,115619,1131,0.05931411334208791,0.0,0.7142857142857143
1132,115700,1132,0.08957516144559122,0.0,0.7142857142857143
1133,115845,1133,0.060395188712894,0.0,0.42857142857142855
1134,115918,1134,0.06133640158082521,0.0,0.7142857142857143
1135,116039,1135,0.034472309399192456,0.0,0.8571428571428571
1136,116112,1136,0.09171651290028726,0.0,0.7142857142857143
1137,116185,1137,0.0555644665322163,0.0,0.8571428571428571
1138,116314,1138,0.052046164690643756,0.0,0.5714285714285714
1139,116427,1139,0.04364623843394968,0.0,0.8571428571428571
1140,116508,1140,0.05812799456722861,0.0,0.8571428571428571
1141,116589,1141,0.07405992878863982,0.0,0.7142857142857143
1142,116678,1142,0.06432658056738133,0.0,0.7142857142857143
1143,116791,1143,0.06217265336720239,0.0,0.7142857142857143
1144,116904,1144,0.08811635532962099,0.0,0.5714285714285714
1145,116969,1145,0.07629659394208715,0.0,0.7142857142857143
1146,117114,1146,0.03585408388482189,1.0,1.0
1147,117203,1147,0.07899967138742796,0.0,0.5714285714285714
1148,117324,1148,0.09409834167474279,0.0,0.42857142857142855
1149,117469,1149,0.04862895145984036,0.0,0.7142857142857143
1150,117606,1150,0.052366666187337936,0.0,0.7142857142857143
1151,117719,1151,0.05487577974219416,0.0,0.8571428571428571
1152,117808,1152,0.04588082859114366,0.0,0.8571428571428571
1153,117889,1153,0.06768452805297967,0.0,0.7142857142857143
1154,118018,1154,0.05522102234628214,0.0,0.7142857142857143
1155,118131,1155,0.07489955522919314,0.0,0.42857142857142855
1156,118252,1156,0.07339205942530437,0.0,0.42857142857142855
1157,118349,1157,0.0621966289315181,0.0,0.8571428571428571
1158,118462,1158,0.04012381966653525,0.0,0.7142857142857143
1159,118607,1159,0.04225883050118177,0.0,0.8571428571428571
1160,118816,1160,0.036106782660009724,0.0,0.8571428571428571
1161,118889,1161,0.06330343042927172,0.0,0.8571428571428571
1162,118962,1162,0.04707653310823742,0.0,0.8571428571428571
1163,119059,1163,0.04336260102284087,1.0,1.0
1164,119116,1164,0.09240446259824757,0.0,0.7142857142857143
1165,119269,1165,0.04467693501295799,0.0,0.7142857142857143
1166,119366,1166,0.0694506144119926,0.0,0.7142857142857143
1167,119455,1167,0.041650692059315174,1.0,1.0
1168,119656,1168,0.04225542470182809,0.0,0.7142857142857143
1169,119769,1169,0.07364994848966358,0.0,0.5714285714285714
1170,119858,1170,0.08134050984807387,0.0,0.5714285714285714
1171,119939,1171,0.06291969503358996,0.0,0.8571428571428571
1172,120036,1172,0.05709372465954924,0.0,0.8571428571428571
1173,120117,1173,0.04942447038730279,1.0,1.0
1174,120190,1174,0.08181605282081769,0.0,0.7142857142857143
1175,120319,1175,0.08334590920832625,0.0,0.5714285714285714
1176,120416,1176,0.04815193264950721,0.0,0.8571428571428571
1177,120489,1177,0.12831528463949124,0.0,0.42857142857142855
1178,120610,1178,0.06271647469231297,0.0,0.5714285714285714
1179,120715,1179,0.06968164458603637,0.0,0.7142857142857143
1180,120836,1180,0.08092251844685235,0.0,0.7142857142857143
1181,120917,1181,0.1309988304691924,0.0,0.5714285714285714
1182,121014,1182,0.06078473804259072,0.0,0.8571428571428571
1183,121127,1183,0.07742456290965492,0.0,0.5714285714285714
1184,121216,1184,0.06599513610069732,0.0,0.7142857142857143
1185,121313,1185,0.06282318150837303,0.0,0.7142857142857143
1186,121466,1186,0.0855855666063766,0.0,0.42857142857142855
1187,121539,1187,0.062472129610970206,0.0,0.8571428571428571
1188,121628,1188,0.05867118701096015,0.0,0.7142857142857143
1189,121765,1189,0.08150936634934357,0.0,0.7142857142857143
1190,121854,1190,0.08768312589213813,0.0,0.7142857142857143
1191,121975,1191,0.048666900885356884,0.0,0.7142857142857143
1192,122080,1192,0.0975075247600811,0.0,0.42857142857142855
1193,122209,1193,0.032462927721840625,1.0,1.0
1194,122314,1194,0.0724428488114119,0.0,0.5714285714285714
1195,122435,1195,0.04517561595889643,0.0,0.8571428571428571
1196,122564,1196,0.04556431966810806,0.0,0.7142857142857143
1197,122677,1197,0.07717774617560019,0.0,0.7142857142857143
1198,122774,1198,0.12638935964890455,0.0,0.5714285714285714
1199,122919,1199,0.05299271669488209,0.0,0.7142857142857143
1200,123048,1200,0.059001160098970336,0.0,0.5714285714285714
1201,123169,1201,0.04929218910865772,0.0,0.7142857142857143
1202,123250,1202,0.03849256474636786,1.0,1.0
1203,123347,1203,0.0560797480707121,0.0,0.8571428571428571
1204,123516,1204,0.03255569251092441,0.0,0.8571428571428571
1205,123597,1205,0.07431043114868227,0.0,0.7142857142857143
1206,123758,1206,0.04871295317114709,0.0,0.7142857142857143
1207,123887,1207,0.033409290056915786,1.0,1.0
1208,124000,1208,0.07704909272974873,0.0,0.5714285714285714
1209,124097,1209,0.09194201567080654,0.0,0.5714285714285714
1210,124218,1210,0.09237672222307385,0.0,0.2857142857142857
1211,124283,1211,0.0731378414216033,0.0,0.7142857142857143
1212,124372,1212,0.07703061735972534,0.0,0.5714285714285714
1213,124421,1213,0.05523051879795579,1.0,1.0
1214,124590,1214,0.056314552516779214,0.0,0.5714285714285714
1215,124679,1215,0.07363832792920717,0.0,0.7142857142857143
1216,124776,1216,0.0400224070235951,1.0,1.0
1217,124897,1217,0.09278381966606442,0.0,0.42857142857142855
1218,124970,1218,0.1487738203285961,0.0,0.5714285714285714
1219,125067,1219,0.06585790282322705,0.0,0.7142857142857143
1220,125132,1220,0.05870942069414013,1.0,1.0
1221,125245,1221,0.10087733045008852,0.0,0.2857142857142857
1222,125374,1222,0.041277999347987586,0.0,0.8571428571428571
1223,125471,1223,0.04527831238168498,1.0,1.0
1224,125632,1224,0.08088641200698932,0.0,0.5714285714285714
1225,125721,1225,0.04469618514248974,0.0,0.8571428571428571
1226,125818,1226,0.05892924174104639,0.0,0.7142857142857143
1227,125875,1227,0.054170970580336354,1.0,1.0
1228,125956,1228,0.07501108167703206,0.0,0.5714285714285714
1229,126029,1229,0.04574847296522825,0.0,0.8571428571428571
1230,126110,1230,0.11703068661167347,0.0,0.8571428571428571
1231,126231,1231,0.058825118581871116,0.0,0.7142857142857143
1232,126320,1232,0.05817329985758988,0.0,0.8571428571428571
1233,126457,1233,0.04972569469215908,0.0,0.5714285714285714
1234,126546,1234,0.053057561180672064,0.0,0.7142857142857143
1235,126667,1235,0.044951258020507034,0.0,0.5714285714285714
1236,126732,1236,0.06869287146679198,0.0,0.7142857142857143
1237,126821,1237,0.04523790366897919,0.0,0.8571428571428571
1238,126886,1238,0.07657363972995881,0.0,0.7142857142857143
1239,126991,1239,0.07797304838643937,0.0,0.42857142857142855
1240,127072,1240,0.11694626744758355,0.0,0.42857142857142855
1241,127193,1241,0.036137160228458615,0.0,0.8571428571428571
1242,127298,1242,0.04943639942023416,0.0,0.8571428571428571
1243,127547,1243,0.04086504279928762,0.0,0.8571428571428571
1244,127628,1244,0.05083761588612833,0.0,0.8571428571428571
1245,127717,1245,0.07126403433677711,0.0,0.7142857142857143
1246,127806,1246,0.08526830384827919,0.0,0.7142857142857143
1247,127879,1247,0.049752825910620434,0.0,0.8571428571428571
1248,127984,1248,0.031613051257063485,1.0,1.0
1249,128065,1249,0.0478296721189654,0.0,0.8571428571428571
1250,128218,1250,0.03770348502377505,0.0,0.8571428571428571
1251,128299,1251,0.15934196240070153,0.0,0.42857142857142855
1252,128420,1252,0.03661890352785243,0.0,0.8571428571428571
1253,128517,1253,0.10268107585432402,0.0,0.7142857142857143
1254,128622,1254,0.05182337744183875,0.0,0.8571428571428571
1255,128727,1255,0.049209295188193204,0.0,0.8571428571428571
1256,128856,1256,0.040900029524606224,0.0,0.7142857142857143
1257,128953,1257,0.05815662289547011,0.0,0.8571428571428571
1258,129034,1258,0.05938668415055144,0.0,0.8571428571428571
1259,129131,1259,0.07187067251168325,0.0,0.5714285714285714
1260,129220,1260,0.12104258497730619,0.0,0.42857142857142855
1261,129349,1261,0.03721124131106763,1.0,1.0
1262,129470,1262,0.09460247282486671,0.0,0.5714285714285714
1263,129567,1263,0.10240594071795689,0.0,0.42857142857142855
1264,129680,1264,0.04348167945146998,0.0,0.7142857142857143
1265,129769,1265,0.06329328612776987,0.0,0.8571428571428571
1266,129858,1266,0.10466186776703168,0.0,0.5714285714285714
1267,129987,1267,0.053666253587225016,0.0,0.7142857142857143
1268,130188,1268,0.05807470319501881,0.0,0.5714285714285714
1269,130301,1269,0.07727128235617524,0.0,0.5714285714285714
1270,130374,1270,0.14146690793105662,0.0,0.42857142857142855
1271,130479,1271,0.04081629608717217,0.0,0.8571428571428571
1272,130616,1272,0.07659770924788865,0.0,0.5714285714285714
1273,130745,1273,0.06514149539806112,0.0,0.8571428571428571
1274,130802,1274,0.0637722364531302,0.0,0.8571428571428571
1275,130883,1275,0.04332839513612999,0.0,0.8571428571428571
1276,131004,1276,0.05899346006163008,0.0,0.8571428571428571
1277,131093,1277,0.050365092549287845,0.0,0.8571428571428571
1278,131166,1278,0.07018492639095104,0.0,0.8571428571428571
1279,131287,1279,0.06417208192828669,0.0,0.8571428571428571
1280,131360,1280,0.05053699370402885,0.0,0.8571428571428571
1281,131457,1281,0.0753771434232014,0.0,0.7142857142857143
1282,131506,1282,0.07697025097249327,0.0,0.8571428571428571
1283,131619,1283,0.053566443953755614,0.0,0.7142857142857143
1284,131732,1284,0.07450912611406757,0.0,0.5714285714285714
1285,131821,1285,0.05560925248354165,0.0,0.7142857142857143
1286,131958,1286,0.03472684004855502,1.0,1.0
1287,132031,1287,0.06503319590805202,0.0,0.8571428571428571
1288,132112,1288,0.07173228552789078,0.0,0.8571428571428571
1289,132233,1289,0.08015737860464167,0.0,0.5714285714285714
1290,132362,1290,0.08105589613005379,0.0,0.5714285714285714
1291,132411,1291,0.14408739306250937,0.0,0.7142857142857143
1292,132484,1292,0.03814490757564474,1.0,1.0
1293,132597,1293,0.03787996443008069,0.0,0.8571428571428571
1294,132686,1294,0.044659802271794016,1.0,1.0
1295,132783,1295,0.05377552367336345,0.0,0.8571428571428571
1296,132856,1296,0.07914698757263573,0.0,0.7142857142857143
1297,132961,1297,0.06756023745531331,0.0,0.7142857142857143
1298,133026,1298,0.05595298265946894,1.0,1.0
1299,133123,1299,0.051600803696243674,0.0,0.7142857142857143
1300,133220,1300,0.05408999455622393,0.0,0.7142857142857143
1301,133301,1301,0.056075001211786005,0.0,0.8571428571428571
1302,133382,1302,0.05816797892337127,0.0,0.7142857142857143
1303,133479,1303,0.039027301824429136,1.0,1.0
1304,133544,1304,0.07804707655740459,0.0,0.8571428571428571
1305,133681,1305,0.044099843240629696,0.0,0.7142857142857143
1306,133762,1306,0.07513934801075084,0.0,0.8571428571428571
1307,133859,1307,0.059848019265021625,0.0,0.8571428571428571
1308,133964,1308,0.049592359180301186,0.0,0.8571428571428571
1309,134053,1309,0.083448585716639,0.0,0.42857142857142855
1310,134142,1310,0.08315885555624845,0.0,0.5714285714285714
1311,134255,1311,0.1265346513557311,0.0,0.14285714285714285
1312,134336,1312,0.05518621767097284,1.0,1.0
1313,134433,1313,0.07189979419497528,0.0,0.7142857142857143
1314,134506,1314,0.0703195708130766,0.0,0.7142857142857143
1315,134635,1315,0.09028030456902116,0.0,0.5714285714285714
1316,134716,1316,0.0672039977532986,0.0,0.7142857142857143
1317,134821,1317,0.05396871017624038,0.0,0.7142857142857143
1318,134894,1318,0.041344367510448336,0.0,0.8571428571428571
1319,134967,1319,0.07475292500938747,0.0,0.7142857142857143
1320,135040,1320,0.07206379853745197,0.0,0.7142857142857143
1321,135153,1321,0.06875286902712884,0.0,0.5714285714285714
1322,135274,1322,0.057972216623228934,0.0,0.5714285714285714
1323,135363,1323,0.08228157792597895,0.0,0.7142857142857143
1324,135484,1324,0.03825109514005575,0.0,0.8571428571428571
1325,135557,1325,0.09167022183360636,0.0,0.7142857142857143
1326,135654,1326,0.04037743098754011,0.0,0.8571428571428571
1327,135767,1327,0.04254046655750115,0.0,0.8571428571428571
1328,135824,1328,0.0577617242956642,1.0,1.0
1329,135937,1329,0.055245075511624483,0.0,0.5714285714285714
1330,136026,1330,0.0802483433889773,0.0,0.7142857142857143
1331,136123,1331,0.09007760687188994,0.0,0.5714285714285714
1332,136204,1332,0.060690336681958806,0.0,0.7142857142857143
1333,136293,1333,0.06475974449962037,0.0,0.7142857142857143
1334,136358,1334,0.0952674661637775,0.0,0.7142857142857143
1335,136463,1335,0.045350665860853324,1.0,1.0
1336,136584,1336,0.06875836195069375,0.0,0.5714285714285714
1337,136657,1337,0.10285465522336179,0.0,0.5714285714285714
1338,136738,1338,0.04623082052718383,1.0,1.0
1339,136819,1339,0.06865145533627219,0.0,0.8571428571428571
1340,136908,1340,0.04721841508871876,0.0,0.8571428571428571
1341,137053,1341,0.07537530870445204,0.0,0.42857142857142855
1342,137142,1342,0.08310404429007492,0.0,0.5714285714285714
1343,137247,1343,0.07670751835539844,0.0,0.7142857142857143
1344,137360,1344,0.04283223196817614,1.0,1.0
1345,137449,1345,0.05863846546564508,0.0,0.7142857142857143
1346,137522,1346,0.09735654211046897,0.0,0.7142857142857143
1347,137651,1347,0.04296464756967907,0.0,0.8571428571428571
1348,137756,1348,0.10517987547662555,0.0,0.5714285714285714
1349,137869,1349,0.03691517079249203,0.0,0.8571428571428571
1350,137958,1350,0.07748770380686024,0.0,0.7142857142857143
1351,138055,1351,0.04502033914487735,0.0,0.8571428571428571
1352,138120,1352,0.08732261187547921,0.0,0.5714285714285714
1353,138225,1353,0.10045086639474904,0.0,0.7142857142857143
1354,138378,1354,0.055322290496856476,0.0,0.7142857142857143
1355,138483,1355,0.044603309654559366,0.0,0.8571428571428571
1356,138604,1356,0.03886623353828448,1.0,1.0
1357,138701,1357,0.0502325503881184,0.0,0.8571428571428571
1358,138742,1358,0.08758344524743734,0.0,0.8571428571428571
1359,138823,1359,0.045206612859863535,0.0,0.8571428571428571
1360,138984,1360,0.04107808076055472,0.0,0.8571428571428571
1361,139081,1361,0.07392828735496171,0.0,0.5714285714285714
1362,139202,1362,0.11171782332387374,0.0,0.7142857142857143
1363,139283,1363,0.0521276814800167,0.0,0.7142857142857143
1364,139444,1364,0.042602170972118075,0.0,0.5714285714285714
1365,139525,1365,0.05538227918391203,0.0,0.8571428571428571
1366,139582,1366,0.06830004282218786,0.0,0.8571428571428571
1367,139663,1367,0.04783214525685799,0.0,0.8571428571428571
1368,139792,1368,0.08248078556765905,0.0,0.42857142857142855
1369,140001,1369,0.04948361257058214,0.0,0.7142857142857143
1370,140122,1370,0.06190515205467819,0.0,0.7142857142857143
1371,140211,1371,0.06802292574802943,0.0,0.5714285714285714
1372,140324,1372,0.08535430736777665,0.0,0.7142857142857143
1373,140429,1373,0.056053526696245026,0.0,0.7142857142857143
1374,140534,1374,0.07691408385366791,0.0,0.7142857142857143
1375,140639,1375,0.059327758200743125,0.0,0.8571428571428571
1376,140800,1376,0.0699971514994395,0.0,0.5714285714285714
1377,140913,1377,0.04902733116278406,0.0,0.7142857142857143
1378,140994,1378,0.08378011429179605,0.0,0.5714285714285714
1379,141075,1379,0.10554359710183964,0.0,0.5714285714285714
1380,141132,1380,0.08439524563685803,0.0,0.5714285714285714
1381,141213,1381,0.08240880472762185,0.0,0.5714285714285714
1382,141310,1382,0.06254689055705379,0.0,0.7142857142857143
1383,141431,1383,0.046069536340104605,0.0,0.8571428571428571
1384,141552,1384,0.06143607621139866,0.0,0.7142857142857143
1385,141641,1385,0.04794647049911212,0.0,0.8571428571428571
1386,141770,1386,0.06241601101782152,0.0,0.5714285714285714
1387,141859,1387,0.04294865321105383,1.0,1.0
1388,141964,1388,0.07944896328655501,0.0,0.14285714285714285
1389,142061,1389,0.07268063937949742,0.0,0.5714285714285714
1390,142166,1390,0.09913042734344625,0.0,0.42857142857142855
1391,142279,1391,0.04080499721742594,0.0,0.7142857142857143
1392,142432,1392,0.06246774151378638,0.0,0.7142857142857143
1393,142529,1393,0.05134154102796704,0.0,0.8571428571428571
1394,142610,1394,0.08444746214478802,0.0,0.7142857142857143
1395,142723,1395,0.08383077829328288,0.0,0.7142857142857143
1396,142852,1396,0.06488605421648572,0.0,0.7142857142857143
1397,142941,1397,0.06127063605767035,0.0,0.8571428571428571
1398,143030,1398,0.06868446361353811,0.0,0.8571428571428571
1399,143087,1399,0.03951732610248394,1.0,1.0
1400,143176,1400,0.08252814625652138,0.0,0.7142857142857143
1401,143265,1401,0.038348589527575486,1.0,1.0
1402,143322,1402,0.10107039595273556,0.0,0.5714285714285714
1403,143443,1403,0.039727495426199314,0.0,0.8571428571428571
1404,143532,1404,0.059355297452164606,0.0,0.8571428571428571
1405,143717,1405,0.047516862353840346,0.0,0.5714285714285714
1406,143798,1406,0.07684664280548531,0.0,0.5714285714285714
1407,143887,1407,0.057001352250340045,0.0,0.7142857142857143
1408,143984,1408,0.04549967642800615,1.0,1.0
1409,144057,1409,0.06709413426599188,0.0,0.8571428571428571
1410,144138,1410,0.11287961961907832,0.0,0.7142857142857143
1411,144283,1411,0.040048234410882684,0.0,0.8571428571428571
1412,144364,1412,0.06577694733060344,0.0,0.8571428571428571
1413,144453,1413,0.0857944554874253,0.0,0.5714285714285714
1414,144534,1414,0.062329552246190356,0.0,0.5714285714285714
1415,144631,1415,0.08732687265784457,0.0,0.7142857142857143
1416,144736,1416,0.05425507441394355,0.0,0.8571428571428571
1417,144833,1417,0.04506742096274441,0.0,0.8571428571428571
1418,144938,1418,0.07040215746023444,0.0,0.5714285714285714
1419,145035,1419,0.07783951840685402,0.0,0.5714285714285714
1420,145124,1420,0.10067396251437129,0.0,0.7142857142857143
1421,145285,1421,0.0773968003442992,0.0,0.5714285714285714
1422,145358,1422,0.0569822266792471,0.0,0.8571428571428571
1423,145423,1423,0.037819363440057714,1.0,1.0
1424,145536,1424,0.04651123338197587,0.0,0.7142857142857143
1425,145609,1425,0.058335187582282136,0.0,0.8571428571428571
1426,145714,1426,0.05574795524492988,0.0,0.5714285714285714
1427,145819,1427,0.06685082397265152,0.0,0.7142857142857143
1428,145908,1428,0.04515412611067486,0.0,0.8571428571428571
1429,146029,1429,0.04893439361422497,0.0,0.7142857142857143
